{
  "oldParams": true,
  "wave_type": 3,
  "p_env_attack": 0,
  "p_env_sustain": 0.27537372587419384,
  "p_env_punch": 0.7573866381772643,
  "p_env_decay": 0.0952252021911783,
  "p_base_freq": 0.1783906252384065,
  "p_freq_limit": 0,
  "p_freq_ramp": -0.26383267302410407,
  "p_freq_dramp": 0,
  "p_vib_strength": 0,
  "p_vib_speed": 0,
  "p_arp_mod": 0,
  "p_arp_speed": 0,
  "p_duty": 0,
  "p_duty_ramp": 0,
  "p_repeat_speed": 0.5115276967457991,
  "p_pha_offset": -0.11317010599402119,
  "p_pha_ramp": -0.26000927366261434,
  "p_lpf_freq": 1,
  "p_lpf_ramp": 0,
  "p_lpf_resonance": 0,
  "p_hpf_freq": 0,
  "p_hpf_ramp": 0,
  "sound_vol": 0.25,
  "sample_rate": 44100,
  "sample_size": 8
}