{
  "oldParams": true,
  "wave_type": 0,
  "p_env_attack": 0,
  "p_env_sustain": 0.11992869291110744,
  "p_env_punch": 0.19700697294425576,
  "p_env_decay": 0.16620139971589307,
  "p_base_freq": 0.8839774523786856,
  "p_freq_limit": 0.3631798044564792,
  "p_freq_ramp": -0.3026020183299326,
  "p_freq_dramp": 0,
  "p_vib_strength": 0,
  "p_vib_speed": 0,
  "p_arp_mod": 0,
  "p_arp_speed": 0,
  "p_duty": 0.7637418383867456,
  "p_duty_ramp": -0.23376018549631822,
  "p_repeat_speed": 0,
  "p_pha_offset": 0,
  "p_pha_ramp": 0,
  "p_lpf_freq": 1,
  "p_lpf_ramp": 0,
  "p_lpf_resonance": 0,
  "p_hpf_freq": 0.1565436129634821,
  "p_hpf_ramp": 0,
  "sound_vol": 0.25,
  "sample_rate": 44100,
  "sample_size": 8
}