{
  "oldParams": true,
  "wave_type": 1,
  "p_env_attack": 0.2246164713200257,
  "p_env_sustain": 0.696957252636351,
  "p_env_punch": 0.4795126596765419,
  "p_env_decay": 0.5474579866649921,
  "p_base_freq": 0.19255692561524382,
  "p_freq_limit": 0,
  "p_freq_ramp": 0,
  "p_freq_dramp": 0,
  "p_vib_strength": 0,
  "p_vib_speed": 0,
  "p_arp_mod": 0,
  "p_arp_speed": 0.561431751332082,
  "p_duty": 0.9196451644728555,
  "p_duty_ramp": 0,
  "p_repeat_speed": 0,
  "p_pha_offset": 0,
  "p_pha_ramp": 0,
  "p_lpf_freq": 1,
  "p_lpf_ramp": 0.17424119116630932,
  "p_lpf_resonance": 0.9106868681160173,
  "p_hpf_freq": 0,
  "p_hpf_ramp": 0.04494648090685627,
  "sound_vol": 0.25,
  "sample_rate": 44100,
  "sample_size": 8
}